1,6643,Lisa
2,6511,Jeffery
3,3241,Nichole
4,5986,John
5,2316,Elizabeth
6,8386,Kim
7,2172,Jennifer
8,8469,Brittany
9,3475,Dale
10,945,Robin
11,8279,Melinda
12,3638,Ronald
13,1816,Andrew
14,468,Eugene
15,9782,Michelle
16,6347,Michelle
17,2970,Brent
18,3642,William
19,2721,Matthew
20,9200,Sheila
21,3723,Ana
22,8837,Theresa
23,7769,Jason
24,8100,David
25,7389,Michael
26,9765,Kelly
27,5728,Susan
28,8884,Curtis
29,5833,Claudia
30,8007,Heather
31,4574,Ashley
32,2076,Sherry
33,3609,Justin
34,3908,Cynthia
35,4284,Brandon
36,1798,Edward
37,8915,Justin
38,5015,Brian
39,6375,Joshua
40,8883,Sandra
41,59,Michael
42,218,Shelley
43,2179,Robert
44,3725,Cassidy
45,7196,Sheryl
46,4666,Kimberly
47,7646,Sandra
48,7014,Seth
49,8198,Joshua
50,7267,Kathleen
51,7461,Gwendolyn
52,1493,Victoria
53,4117,Phillip
54,252,Sharon
55,1818,Sarah
56,6827,Jennifer
57,9493,Diana
58,8606,Elizabeth
59,2771,Joshua
60,3576,Daniel
61,2018,Shelley
62,8597,Douglas
63,6840,Kristina
64,8062,Samantha
65,9899,Alison
66,5073,Jonathan
67,6967,Andrew
68,8243,Anita
69,566,Mary
70,6344,Mark
71,2097,Ronald
72,8830,Jon
73,865,James
74,778,Jessica
75,5782,James
76,5632,Angelica
77,9973,Peter
78,6788,John
79,8123,Joseph
80,2136,Nancy
81,5959,Jason
82,8138,Vincent
83,1901,Matthew
84,3827,Brian
85,1627,Kelly
86,912,Joseph
87,3300,Ana
88,8896,Michelle
89,9027,Anthony
90,8851,Kristen
91,3128,Molly
92,2593,Christine
93,4412,William
94,1218,Eric
95,245,Darlene
96,2065,Pamela
97,984,Arthur
98,9533,Johnny
99,3872,Billy
100,328,Meghan
